section_name,theme,variable_name
Arrêté en CM (Arrêté),Arrêté et Références,arrete.conditionPremierVersement
Arrêté en CM (Arrêté),Arrêté et Références,arrete.conditionSecondVersement
Arrêté en CM (Arrêté),Arrêté et Références,arrete.dateApprobationBudget
Arrêté en CM (Arrêté),Arrêté et Références,arrete.engagementJustification
Arrêté en CM (Arrêté),Arrêté et Références,arrete.libelleConditionPremierVersement
Arrêté en CM (Arrêté),Arrêté et Références,arrete.numDeliberationApprobationBudget
Arrêté en CM (Arrêté),Arrêté et Références,arrete.tauxParticipationSurCoutTotalOperation
Arrêté en CM (Arrêté),Demande et Subvention,demande.coutTotalOperation
Arrêté en CM (Arrêté),Demande et Subvention,demande.dateArreteDemandeRattrapee
Arrêté en CM (Arrêté),Demande et Subvention,demande.dateDemande
Arrêté en CM (Arrêté),Demande et Subvention,demande.flechageAttribution
Arrêté en CM (Arrêté),Demande et Subvention,demande.libelleSubvention
Arrêté en CM (Arrêté),Demande et Subvention,demande.montantAccorde
Arrêté en CM (Arrêté),Demande et Subvention,demande.numArreteDemandeRattrapee
Arrêté en CM (Arrêté),Demande et Subvention,demande.objet
Arrêté en CM (Arrêté),Demande et Subvention,demande.objetDemandeRattrapee
Arrêté en CM (Arrêté),Demande et Subvention,demande.typeDemandeRattrapee_avec_article
Arrêté en CM (Arrêté),Demande et Subvention,demande.type_avec_article
Arrêté en CM (Arrêté),Données Comptables,demande.compta.article
Arrêté en CM (Arrêté),Données Comptables,demande.compta.autorisationDEngagement
Arrêté en CM (Arrêté),Données Comptables,demande.compta.autorisationDeProgramme
Arrêté en CM (Arrêté),Données Comptables,demande.compta.centreDeTravailEtat
Arrêté en CM (Arrêté),Données Comptables,demande.compta.centreDeTravailFonjep
Arrêté en CM (Arrêté),Données Comptables,demande.compta.centreDeTravailPays
Arrêté en CM (Arrêté),Données Comptables,demande.compta.exercice
Arrêté en CM (Arrêté),Données Comptables,demande.compta.mission
Arrêté en CM (Arrêté),Données Comptables,demande.compta.montantCTEtat
Arrêté en CM (Arrêté),Données Comptables,demande.compta.montantCTFonjep
Arrêté en CM (Arrêté),Données Comptables,demande.compta.montantCTPays
Arrêté en CM (Arrêté),Données Comptables,demande.compta.montantPremiereFractionVersement
Arrêté en CM (Arrêté),Données Comptables,demande.compta.montantSecondeFractionVersement
Arrêté en CM (Arrêté),Données Comptables,demande.compta.premiereFractionVersement
Arrêté en CM (Arrêté),Données Comptables,demande.compta.programme
Arrêté en CM (Arrêté),Données Comptables,demande.compta.secondeFractionVersement
Arrêté en CM (Arrêté),Informations Association,association.typeGlobalEtNom
Arrêté en CM (Arrêté),Variables de Contrôle,variable.aUneConvention
Arrêté en CM (Arrêté),Variables de Contrôle,variable.estDeLInvestissement
Arrêté en CM (Arrêté),Variables de Contrôle,variable.estDuFonctionnement
Arrêté en CM (Arrêté),Variables de Contrôle,variable.estUnRattrapage
Certificat administratif (CA Conformité),Données Comptables,demande.compta.exerciceNmoinsUn
Certificat administratif (CA Conformité),Informations Association,association.typeGlobalEtNom
Certificat administratif (CA Conformité),Informations Association,association.typeGlobal_avec_article
Certificat administratif (CA Prélèvement - A supprimer ?),Contenu Général,entete.suivieParComptabilite
Certificat administratif (CA Prélèvement - A supprimer ?),Demande et Subvention,demande.dateCourrierRenonciation
Certificat administratif (CA Prélèvement - A supprimer ?),Demande et Subvention,demande.libelleSubvention
Certificat administratif (CA Prélèvement - A supprimer ?),Demande et Subvention,demande.montantAccorde
Certificat administratif (CA Prélèvement - A supprimer ?),Demande et Subvention,demande.montantRenonce
Certificat administratif (CA Prélèvement - A supprimer ?),Demande et Subvention,demande.montantsJustificatifs
Certificat administratif (CA Prélèvement - A supprimer ?),Demande et Subvention,demande.motifRenonciation
Certificat administratif (CA Prélèvement - A supprimer ?),Demande et Subvention,demande.objet
Certificat administratif (CA Prélèvement - A supprimer ?),Demande et Subvention,demande.type_avec_article
Certificat administratif (CA Prélèvement - A supprimer ?),Données Comptables,demande.compta.dateMandatementVersement1
Certificat administratif (CA Prélèvement - A supprimer ?),Données Comptables,demande.compta.dateMandatementVersement2
Certificat administratif (CA Prélèvement - A supprimer ?),Données Comptables,demande.compta.exercice
Certificat administratif (CA Prélèvement - A supprimer ?),Données Comptables,demande.compta.numMandatementVersement1
Certificat administratif (CA Prélèvement - A supprimer ?),Données Comptables,demande.compta.numMandatementVersement2
Certificat administratif (CA Prélèvement - A supprimer ?),Données Comptables,demande.compta.premiereFractionVersement
Certificat administratif (CA Prélèvement - A supprimer ?),Informations Association,association.typeGlobalEtNom
Certificat administratif (CA Prélèvement - A supprimer ?),Variables de Contrôle,variable.renonciationPartielleApresDeuxVersementsEffectues
Certificat administratif (CA Prélèvement - A supprimer ?),Variables de Contrôle,variable.renonciationPartielleApresUnVersementEffectue
Certificat administratif (CA Prélèvement - A supprimer ?),Variables de Contrôle,variable.renonciationPartielleAvantVersements
Certificat administratif (CA Prélèvement - A supprimer ?),Variables de Contrôle,variable.renonciationTotaleAvantVersements
Certificat administratif (CA Prélèvement),Articles du Document,demandeInitiale.dateArrete
Certificat administratif (CA Prélèvement),Articles du Document,demandeInitiale.numArrete
Certificat administratif (CA Prélèvement),Demande et Subvention,demande.libelleSubvention
Certificat administratif (CA Prélèvement),Demande et Subvention,demande.montantAccorde
Certificat administratif (CA Prélèvement),Demande et Subvention,demande.type_avec_article
Certificat administratif (CA Prélèvement),Données Comptables,demande.compta.exercice
Certificat administratif (CA Prélèvement),Données Comptables,demande.compta.secondeFractionVersement
Certificat administratif (CA Prélèvement),Informations Association,association.nom
Certificat administratif (CA Prélèvement),Informations Association,association.typeGlobal_avec_article
Certificat administratif (CA liquidation n° 1),Articles du Document,demandeInitiale.dateArrete
Certificat administratif (CA liquidation n° 1),Articles du Document,demandeInitiale.numArrete
Certificat administratif (CA liquidation n° 1),Contenu Général,entete.suivieParComptabilite
Certificat administratif (CA liquidation n° 1),Demande et Subvention,demande.montantAccorde
Certificat administratif (CA liquidation n° 1),Demande et Subvention,demande.objet
Certificat administratif (CA liquidation n° 1),Données Comptables,demande.compta.montantPremiereFractionVersement
Certificat administratif (CA liquidation n° 1),Données Comptables,demande.compta.premiereFractionVersement
Certificat administratif (CA liquidation n° 1),Informations Association,association.nom
Certificat administratif (CA liquidation n° 2),Articles du Document,demandeInitiale.dateArrete
Certificat administratif (CA liquidation n° 2),Articles du Document,demandeInitiale.numArrete
Certificat administratif (CA liquidation n° 2),Contenu Général,entete.suivieParComptabilite
Certificat administratif (CA liquidation n° 2),Demande et Subvention,demande.montantAccorde
Certificat administratif (CA liquidation n° 2),Demande et Subvention,demande.objet
Certificat administratif (CA liquidation n° 2),Informations Association,association.nom
Convention / Avenant (Avenant à la convention),Arrêté et Références,arrete.conditionPremierVersement
Convention / Avenant (Avenant à la convention),Arrêté et Références,arrete.conditionSecondVersement
Convention / Avenant (Avenant à la convention),Arrêté et Références,arrete.libelleConditionPremierVersement
Convention / Avenant (Avenant à la convention),Articles du Document,demandeInitiale.compta.exercice
Convention / Avenant (Avenant à la convention),Articles du Document,demandeInitiale.compta.montantPremiereFractionVersement
Convention / Avenant (Avenant à la convention),Articles du Document,demandeInitiale.compta.montantSecondeFractionVersement
Convention / Avenant (Avenant à la convention),Articles du Document,demandeInitiale.dateArrete
Convention / Avenant (Avenant à la convention),Articles du Document,demandeInitiale.dateConvention
Convention / Avenant (Avenant à la convention),Articles du Document,demandeInitiale.montantAccorde
Convention / Avenant (Avenant à la convention),Articles du Document,demandeInitiale.numArrete
Convention / Avenant (Avenant à la convention),Articles du Document,demandeInitiale.numConvention
Convention / Avenant (Avenant à la convention),Articles du Document,demandeInitiale.objet
Convention / Avenant (Avenant à la convention),Articles du Document,demandeInitiale.type_avec_article
Convention / Avenant (Avenant à la convention),Convention / Avenant,convention.compta.sommeMontantCTEtat
Convention / Avenant (Avenant à la convention),Convention / Avenant,convention.compta.sommeMontantCTFonjep
Convention / Avenant (Avenant à la convention),Convention / Avenant,convention.compta.sommeMontantCTPays
Convention / Avenant (Avenant à la convention),Convention / Avenant,convention.nbExemplairesOriginaux
Convention / Avenant (Avenant à la convention),Demande et Subvention,demande.libelleSubvention
Convention / Avenant (Avenant à la convention),Demande et Subvention,demande.montantAccorde
Convention / Avenant (Avenant à la convention),Demande et Subvention,demande.objet
Convention / Avenant (Avenant à la convention),Demande et Subvention,demande.type_avec_article
Convention / Avenant (Avenant à la convention),Données Comptables,demande.compta.article
Convention / Avenant (Avenant à la convention),Données Comptables,demande.compta.centreDeTravailEtat
Convention / Avenant (Avenant à la convention),Données Comptables,demande.compta.centreDeTravailFonjep
Convention / Avenant (Avenant à la convention),Données Comptables,demande.compta.centreDeTravailPays
Convention / Avenant (Avenant à la convention),Données Comptables,demande.compta.exercice
Convention / Avenant (Avenant à la convention),Données Comptables,demande.compta.mission
Convention / Avenant (Avenant à la convention),Données Comptables,demande.compta.montantCTEtat
Convention / Avenant (Avenant à la convention),Données Comptables,demande.compta.montantCTFonjep
Convention / Avenant (Avenant à la convention),Données Comptables,demande.compta.montantCTPays
Convention / Avenant (Avenant à la convention),Données Comptables,demande.compta.montantPremiereFractionVersement
Convention / Avenant (Avenant à la convention),Données Comptables,demande.compta.montantSecondeFractionVersement
Convention / Avenant (Avenant à la convention),Données Comptables,demande.compta.premiereFractionVersement
Convention / Avenant (Avenant à la convention),Données Comptables,demande.compta.programme
Convention / Avenant (Avenant à la convention),Données Comptables,demande.compta.secondeFractionVersement
Convention / Avenant (Avenant à la convention),Informations Association,association.adresseGeo
Convention / Avenant (Avenant à la convention),Informations Association,association.civilitePresident
Convention / Avenant (Avenant à la convention),Informations Association,association.libellePresident2
Convention / Avenant (Avenant à la convention),Informations Association,association.nom
Convention / Avenant (Avenant à la convention),Informations Association,association.nomPresident
Convention / Avenant (Avenant à la convention),Informations Association,association.typeGlobalEtNom
Convention / Avenant (Avenant à la convention),Informations Association,association.typeGlobal_avec_article
Convention / Avenant (Convention),Arrêté et Références,arrete.conditionPremierVersement
Convention / Avenant (Convention),Arrêté et Références,arrete.conditionSecondVersement
Convention / Avenant (Convention),Arrêté et Références,arrete.libelleConditionPremierVersement
Convention / Avenant (Convention),Convention / Avenant,convention.nbExemplairesOriginaux
Convention / Avenant (Convention),Convention / Avenant,convention.prealable.domaineMinistreCharge
Convention / Avenant (Convention),Convention / Avenant,convention.prealable.garantie
Convention / Avenant (Convention),Demande et Subvention,demande.dateCommission
Convention / Avenant (Convention),Demande et Subvention,demande.flechageAttribution
Convention / Avenant (Convention),Demande et Subvention,demande.libelleSubvention
Convention / Avenant (Convention),Demande et Subvention,demande.montantAccorde
Convention / Avenant (Convention),Demande et Subvention,demande.objet
Convention / Avenant (Convention),Demande et Subvention,demande.type_avec_article
Convention / Avenant (Convention),Données Comptables,demande.compta.article
Convention / Avenant (Convention),Données Comptables,demande.compta.centreDeTravailEtat
Convention / Avenant (Convention),Données Comptables,demande.compta.centreDeTravailFonjep
Convention / Avenant (Convention),Données Comptables,demande.compta.centreDeTravailPays
Convention / Avenant (Convention),Données Comptables,demande.compta.exercice
Convention / Avenant (Convention),Données Comptables,demande.compta.mission
Convention / Avenant (Convention),Données Comptables,demande.compta.montantCTEtat
Convention / Avenant (Convention),Données Comptables,demande.compta.montantCTFonjep
Convention / Avenant (Convention),Données Comptables,demande.compta.montantCTPays
Convention / Avenant (Convention),Données Comptables,demande.compta.montantPremiereFractionVersement
Convention / Avenant (Convention),Données Comptables,demande.compta.montantSecondeFractionVersement
Convention / Avenant (Convention),Données Comptables,demande.compta.premiereFractionVersement
Convention / Avenant (Convention),Données Comptables,demande.compta.programme
Convention / Avenant (Convention),Données Comptables,demande.compta.secondeFractionVersement
Convention / Avenant (Convention),Informations Association,association.adresseGeo
Convention / Avenant (Convention),Informations Association,association.civilitePresident
Convention / Avenant (Convention),Informations Association,association.libellePresident2
Convention / Avenant (Convention),Informations Association,association.nom
Convention / Avenant (Convention),Informations Association,association.nomPresident
Convention / Avenant (Convention),Informations Association,association.projetsActivitesN
Convention / Avenant (Convention),Informations Association,association.typeGlobalEtNom
Convention / Avenant (Convention),Informations Association,association.typeGlobal_avec_article
Convention / Avenant (Convention),Variables de Contrôle,variable.avecAideEmploi
Convention / Avenant (Convention),Variables de Contrôle,variable.sansAideEmploi
Lettre (Courrier au demandeur),Demande et Subvention,demande.dateCommission
Lettre (Courrier au demandeur),Demande et Subvention,demande.dateDemande
Lettre (Courrier au demandeur),Demande et Subvention,demande.flechageAttribution
Lettre (Courrier au demandeur),Demande et Subvention,demande.montantAccorde
Lettre (Courrier au demandeur),Demande et Subvention,demande.objet
Lettre (Courrier au demandeur),Demande et Subvention,demande.typeCommissionLong
Lettre (Courrier au demandeur),Demande et Subvention,demande.type_avec_article
Lettre (Courrier au demandeur),Données Comptables,demande.compta.exercice
Lettre (Courrier au demandeur),Informations Association,association.adresseGeo
Lettre (Courrier au demandeur),Informations Association,association.civilitePresident
Lettre (Courrier au demandeur),Informations Association,association.libellePresident3
Lettre (Courrier au demandeur),Informations Association,association.nom
Lettre (Courrier au demandeur),Informations Association,association.nomPresident
Lettre (Courrier au demandeur),Informations Association,association.typeGlobal_avec_article
Lettre (Courrier information),Demande et Subvention,demande.libelleSubvention
Lettre (Courrier information),Demande et Subvention,demande.type_avec_article
Lettre (Mise en demeure),Contenu Général,entete.suivieParComptabilite
Lettre (Mise en demeure),Contenu Général,miseEnDemeure.aCompterDe
Lettre (Mise en demeure),Contenu Général,miseEnDemeure.nbMoisMaxPourJustification
Lettre (Mise en demeure),Demande et Subvention,demande.montantAccorde
Lettre (Mise en demeure),Demande et Subvention,demande.montantsJustificatifs
Lettre (Mise en demeure),Demande et Subvention,demande.numero
Lettre (Mise en demeure),Demande et Subvention,demande.objet
Lettre (Mise en demeure),Demande et Subvention,demande.type_avec_article
Lettre (Mise en demeure),Données Comptables,demande.compta.exercice
Lettre (Mise en demeure),Informations Association,association.adresseGeo
Lettre (Mise en demeure),Informations Association,association.civilitePresident
Lettre (Mise en demeure),Informations Association,association.libellePresident3
Lettre (Mise en demeure),Informations Association,association.nomPresident
Lettre (Mise en demeure),Informations Association,association.typeGlobalEtNom
Lettre (Mise en demeure),Variables de Contrôle,variable.aUneConvention
Lettre (Mise en demeure),Variables de Contrôle,variable.auMoinsUnEtatRecapitulatifTransmis
Lettre (Mise en demeure),Variables de Contrôle,variable.versementsPasDuToutJustifies
Lettre (Mise en demeure),Variables de Contrôle,variable.versementsPasTotalementJustifies
Lettre (N2),Demande et Subvention,demande.libelleSubvention
Lettre (N2),Demande et Subvention,demande.numero
Lettre (N2),Demande et Subvention,demande.objet
Lettre (N2),Demande et Subvention,demande.type_avec_article
Lettre (N2),Informations Association,association.typeGlobalEtNom
Lettre (N2),Variables de Contrôle,variable.aUneConvention
Note de présentation (N0),Articles du Document,global.presidentPFLibelle2
Note de présentation (N0),Demande et Subvention,demande.dateCommission
Note de présentation (N0),Demande et Subvention,demande.dateDemande
Note de présentation (N0),Demande et Subvention,demande.libelleSubvention
Note de présentation (N0),Demande et Subvention,demande.montantAccorde
Note de présentation (N0),Demande et Subvention,demande.montantSollicite
Note de présentation (N0),Demande et Subvention,demande.objet
Note de présentation (N0),Demande et Subvention,demande.type_avec_article
Note de présentation (N0),Informations Association,association.civilitePresident
Note de présentation (N0),Informations Association,association.nomPresident
Note de présentation (N0),Informations Association,association.typeGlobalEtNom
Note de présentation (N0),Informations Association,association.typeGlobal_avec_article
Note de présentation (N0),Variables de Contrôle,variable.aUneConvention
Note de présentation (N1),Articles du Document,global.auPresidentAPF
Note de présentation (N1),Articles du Document,global.presidentAPFLibelle
Note de présentation (N1),Articles du Document,global.presidentPFCiviliteLibelle
Note de présentation (N1),Demande et Subvention,demande.dateCommission
Note de présentation (N1),Demande et Subvention,demande.dateDemande
Note de présentation (N1),Demande et Subvention,demande.libelleSubvention
Note de présentation (N1),Demande et Subvention,demande.montantAccorde
Note de présentation (N1),Demande et Subvention,demande.montantSollicite
Note de présentation (N1),Demande et Subvention,demande.objet
Note de présentation (N1),Demande et Subvention,demande.type_avec_article
Note de présentation (N1),Informations Association,association.civilitePresident
Note de présentation (N1),Informations Association,association.nomPresident
Note de présentation (N1),Informations Association,association.typeGlobalEtNom
Note de présentation (N1),Informations Association,association.typeGlobal_avec_article
Note de présentation (N1),Variables de Contrôle,variable.aUneConvention
Note de présentation (N4),Arrêté et Références,arrete.anneeAvisCCBF
Note de présentation (N4),Arrêté et Références,arrete.mentionCCBFetAPF
Note de présentation (N4),Demande et Subvention,demande.dateAvisCCBF
Note de présentation (N4),Demande et Subvention,demande.dateCommission
Note de présentation (N4),Demande et Subvention,demande.dateDemande
Note de présentation (N4),Demande et Subvention,demande.libelleSubvention
Note de présentation (N4),Demande et Subvention,demande.montantAccorde
Note de présentation (N4),Demande et Subvention,demande.montantSollicite
Note de présentation (N4),Demande et Subvention,demande.numeroAvisCCBF
Note de présentation (N4),Demande et Subvention,demande.objet
Note de présentation (N4),Demande et Subvention,demande.type_avec_article
Note de présentation (N4),Informations Association,association.civilitePresident
Note de présentation (N4),Informations Association,association.nomPresident
Note de présentation (N4),Informations Association,association.typeGlobalEtNom
Note de présentation (N4),Informations Association,association.typeGlobal_avec_article
Note de présentation (N4),Variables de Contrôle,variable.aUneConvention
Note de présentation (N4),Variables de Contrôle,variable.passeDevantCCBF
Note de présentation (N4),Variables de Contrôle,variable.passeDevantCNDS
Note de présentation (N4),Variables de Contrôle,variable.passeDevantCTJEP
Note de synthèse (N3),Articles du Document,rpcm.associationDejaAttributaire
Note de synthèse (N3),Articles du Document,rpcm.avisCNDS
Note de synthèse (N3),Articles du Document,rpcm.dirigeants
Note de synthèse (N3),Articles du Document,rpcm.n.sousTotalDJS
Note de synthèse (N3),Articles du Document,rpcm.nMoins1.IJSPF
Note de synthèse (N3),Articles du Document,rpcm.nMoins1.aidesEnNatureDJS
Note de synthèse (N3),Articles du Document,rpcm.nMoins1.autresAidesDuPays
Note de synthèse (N3),Articles du Document,rpcm.nMoins1.caisseDePrevoyance
Note de synthèse (N3),Articles du Document,rpcm.nMoins1.communes
Note de synthèse (N3),Articles du Document,rpcm.nMoins1.contratDeVille
Note de synthèse (N3),Articles du Document,rpcm.nMoins1.etat
Note de synthèse (N3),Articles du Document,rpcm.nMoins1.fonctionnementDJS
Note de synthèse (N3),Articles du Document,rpcm.nMoins1.investissementDJS
Note de synthèse (N3),Articles du Document,rpcm.nMoins1.ministereCulture
Note de synthèse (N3),Articles du Document,rpcm.nMoins1.ministereEducation
Note de synthèse (N3),Articles du Document,rpcm.nMoins1.ministereSante
Note de synthèse (N3),Articles du Document,rpcm.nMoins1.ministereSolidarite
Note de synthèse (N3),Articles du Document,rpcm.nMoins1.ministereTourisme
Note de synthèse (N3),Articles du Document,rpcm.nMoins1.sousTotalAutres
Note de synthèse (N3),Articles du Document,rpcm.nMoins1.sousTotalDJS
Note de synthèse (N3),Articles du Document,rpcm.nMoins1.subventionsExploitation
Note de synthèse (N3),Articles du Document,rpcm.nMoins1.totalGlobal
Note de synthèse (N3),Articles du Document,rpcm.nMoins2.IJSPF
Note de synthèse (N3),Articles du Document,rpcm.nMoins2.aidesEnNatureDJS
Note de synthèse (N3),Articles du Document,rpcm.nMoins2.autresAidesDuPays
Note de synthèse (N3),Articles du Document,rpcm.nMoins2.caisseDePrevoyance
Note de synthèse (N3),Articles du Document,rpcm.nMoins2.communes
Note de synthèse (N3),Articles du Document,rpcm.nMoins2.contratDeVille
Note de synthèse (N3),Articles du Document,rpcm.nMoins2.etat
Note de synthèse (N3),Articles du Document,rpcm.nMoins2.fonctionnementDJS
Note de synthèse (N3),Articles du Document,rpcm.nMoins2.investissementDJS
Note de synthèse (N3),Articles du Document,rpcm.nMoins2.ministereCulture
Note de synthèse (N3),Articles du Document,rpcm.nMoins2.ministereEducation
Note de synthèse (N3),Articles du Document,rpcm.nMoins2.ministereSante
Note de synthèse (N3),Articles du Document,rpcm.nMoins2.ministereSolidarite
Note de synthèse (N3),Articles du Document,rpcm.nMoins2.ministereTourisme
Note de synthèse (N3),Articles du Document,rpcm.nMoins2.sousTotalAutres
Note de synthèse (N3),Articles du Document,rpcm.nMoins2.sousTotalDJS
Note de synthèse (N3),Articles du Document,rpcm.nMoins2.subventionsExploitation
Note de synthèse (N3),Articles du Document,rpcm.nMoins2.totalGlobal
Note de synthèse (N3),Articles du Document,rpcm.nMoins3.IJSPF
Note de synthèse (N3),Articles du Document,rpcm.nMoins3.aidesEnNatureDJS
Note de synthèse (N3),Articles du Document,rpcm.nMoins3.autresAidesDuPays
Note de synthèse (N3),Articles du Document,rpcm.nMoins3.caisseDePrevoyance
Note de synthèse (N3),Articles du Document,rpcm.nMoins3.communes
Note de synthèse (N3),Articles du Document,rpcm.nMoins3.contratDeVille
Note de synthèse (N3),Articles du Document,rpcm.nMoins3.etat
Note de synthèse (N3),Articles du Document,rpcm.nMoins3.fonctionnementDJS
Note de synthèse (N3),Articles du Document,rpcm.nMoins3.investissementDJS
Note de synthèse (N3),Articles du Document,rpcm.nMoins3.ministereCulture
Note de synthèse (N3),Articles du Document,rpcm.nMoins3.ministereEducation
Note de synthèse (N3),Articles du Document,rpcm.nMoins3.ministereSante
Note de synthèse (N3),Articles du Document,rpcm.nMoins3.ministereSolidarite
Note de synthèse (N3),Articles du Document,rpcm.nMoins3.ministereTourisme
Note de synthèse (N3),Articles du Document,rpcm.nMoins3.sousTotalAutres
Note de synthèse (N3),Articles du Document,rpcm.nMoins3.sousTotalDJS
Note de synthèse (N3),Articles du Document,rpcm.nMoins3.subventionsExploitation
Note de synthèse (N3),Articles du Document,rpcm.nMoins3.totalGlobal
Note de synthèse (N3),Articles du Document,rpcm.prestataires
Note de synthèse (N3),Articles du Document,rpcm.salaries
Note de synthèse (N3),Demande et Subvention,demande.dateDemande
Note de synthèse (N3),Demande et Subvention,demande.detailsSurLeProjet
Note de synthèse (N3),Demande et Subvention,demande.libelleSubvention
Note de synthèse (N3),Demande et Subvention,demande.montantAccorde
Note de synthèse (N3),Demande et Subvention,demande.montantSollicite
Note de synthèse (N3),Demande et Subvention,demande.objet
Note de synthèse (N3),Demande et Subvention,demande.type_avec_article
Note de synthèse (N3),Données Comptables,demande.compta.exercice
Note de synthèse (N3),Données Comptables,demande.compta.exerciceNmoinsDeux
Note de synthèse (N3),Données Comptables,demande.compta.exerciceNmoinsTrois
Note de synthèse (N3),Données Comptables,demande.compta.exerciceNmoinsUn
Note de synthèse (N3),Informations Association,association.adresseGeo
Note de synthèse (N3),Informations Association,association.affiliations
Note de synthèse (N3),Informations Association,association.bilanActivitesNMoinsUn
Note de synthèse (N3),Informations Association,association.civilitePresident
Note de synthèse (N3),Informations Association,association.conventionnementAvec
Note de synthèse (N3),Informations Association,association.dateArreteDSP
Note de synthèse (N3),Informations Association,association.dateCreation
Note de synthèse (N3),Informations Association,association.dateDeFin
Note de synthèse (N3),Informations Association,association.listeDisciplinesDSPEnAnneeN
Note de synthèse (N3),Informations Association,association.nbAssociationsAffilieesNMoinsUn
Note de synthèse (N3),Informations Association,association.nbDirigeants
Note de synthèse (N3),Informations Association,association.nbPrestataires
Note de synthèse (N3),Informations Association,association.nbSalaries
Note de synthèse (N3),Informations Association,association.nbTotalAdherentsEtLicenciesNMoinsUn
Note de synthèse (N3),Informations Association,association.nomPresident
Note de synthèse (N3),Informations Association,association.numArreteDSP
Note de synthèse (N3),Informations Association,association.projetsActivitesN
Note de synthèse (N3),Informations Association,association.respectDe
Note de synthèse (N3),Informations Association,association.structure
Note de synthèse (N3),Informations Association,association.typeGlobalEtNom
Note de synthèse (N3),Informations Association,association.typeGlobal_avec_article
Note de synthèse (N3),Variables de Contrôle,variable.possedeDetailsSurLeProjet
Rapport de présentation en CM (N5),Arrêté et Références,arrete.anneeAvisCCBF
Rapport de présentation en CM (N5),Arrêté et Références,arrete.mentionCCBFetAPF
Rapport de présentation en CM (N5),Articles du Document,rpcm.associationDejaAttributaire
Rapport de présentation en CM (N5),Articles du Document,rpcm.avisCCBF
Rapport de présentation en CM (N5),Articles du Document,rpcm.avisCNDS
Rapport de présentation en CM (N5),Articles du Document,rpcm.dirigeants
Rapport de présentation en CM (N5),Articles du Document,rpcm.n.sousTotalDJS
Rapport de présentation en CM (N5),Articles du Document,rpcm.prestataires
Rapport de présentation en CM (N5),Articles du Document,rpcm.salaries
Rapport de présentation en CM (N5),Demande et Subvention,demande.dateAvisCCBF
Rapport de présentation en CM (N5),Demande et Subvention,demande.dateDemande
Rapport de présentation en CM (N5),Demande et Subvention,demande.detailsSurLeProjet
Rapport de présentation en CM (N5),Demande et Subvention,demande.libelleSubvention
Rapport de présentation en CM (N5),Demande et Subvention,demande.montantAccorde
Rapport de présentation en CM (N5),Demande et Subvention,demande.montantSollicite
Rapport de présentation en CM (N5),Demande et Subvention,demande.numero
Rapport de présentation en CM (N5),Demande et Subvention,demande.numeroAvisCCBF
Rapport de présentation en CM (N5),Demande et Subvention,demande.objet
Rapport de présentation en CM (N5),Demande et Subvention,demande.type_avec_article
Rapport de présentation en CM (N5),Données Comptables,demande.compta.exercice
Rapport de présentation en CM (N5),Données Comptables,demande.compta.exerciceNmoinsUn
Rapport de présentation en CM (N5),Informations Association,association.adresseGeo
Rapport de présentation en CM (N5),Informations Association,association.affiliations
Rapport de présentation en CM (N5),Informations Association,association.bilanActivitesNMoinsUn
Rapport de présentation en CM (N5),Informations Association,association.civilitePresident
Rapport de présentation en CM (N5),Informations Association,association.conventionnementAvec
Rapport de présentation en CM (N5),Informations Association,association.dateArreteDSP
Rapport de présentation en CM (N5),Informations Association,association.dateCreation
Rapport de présentation en CM (N5),Informations Association,association.dateDeFin
Rapport de présentation en CM (N5),Informations Association,association.listeDisciplinesDSPEnAnneeN
Rapport de présentation en CM (N5),Informations Association,association.nbAssociationsAffilieesNMoinsUn
Rapport de présentation en CM (N5),Informations Association,association.nbDirigeants
Rapport de présentation en CM (N5),Informations Association,association.nbPrestataires
Rapport de présentation en CM (N5),Informations Association,association.nbSalaries
Rapport de présentation en CM (N5),Informations Association,association.nbTotalAdherentsEtLicenciesNMoinsUn
Rapport de présentation en CM (N5),Informations Association,association.nomPresident
Rapport de présentation en CM (N5),Informations Association,association.numArreteDSP
Rapport de présentation en CM (N5),Informations Association,association.respectDe
Rapport de présentation en CM (N5),Informations Association,association.structure
Rapport de présentation en CM (N5),Informations Association,association.typeGlobalEtNom
Rapport de présentation en CM (N5),Informations Association,association.typeGlobal_avec_article
Rapport de présentation en CM (N5),Variables de Contrôle,variable.aUneConvention
Rapport de présentation en CM (N5),Variables de Contrôle,variable.passeDevantCCBF
Rapport de présentation en CM (N5),Variables de Contrôle,variable.possedeDetailsSurLeProjet
